workspace_slug,workspace_name,template_name,event_count
bba,BBA,12thresult_1,1762
bba,BBA,common_leadnurturing1,14051
bba,BBA,common_leadnurturing10,7102
bba,BBA,common_leadnurturing11,10838
bba,BBA,common_leadnurturing12,8039
bba,BBA,common_leadnurturing13,3734
bba,BBA,common_leadnurturing14,6515
bba,BBA,common_leadnurturing2,16366
bba,BBA,common_leadnurturing3,15690
bba,BBA,common_leadnurturing4,15690
bba,BBA,common_leadnurturing5,10672
bba,BBA,common_leadnurturing6,13517
bba,BBA,common_leadnurturing7,13509
bba,BBA,common_leadnurturing8,13005
bba,BBA,common_leadnurturing9,12786
bba,BBA,template_01,95
bba,BBA,template_02,132
btech,BTECH,12thresult_1,1705
btech,BTECH,common_leadnurturing1,19462
btech,BTECH,common_leadnurturing10,2213
btech,BTECH,common_leadnurturing11,12876
btech,BTECH,common_leadnurturing2,31107
btech,BTECH,common_leadnurturing4,18898
btech,BTECH,common_leadnurturing5,20446
btech,BTECH,common_leadnurturing6,28424
btech,BTECH,common_leadnurturing7,11228
btech,BTECH,common_leadnurturing8,23945
btech,BTECH,common_leadnurturing9,13050
idm,IDM,12thclass_1,3769
idm,IDM,avfx_ie1,131
idm,IDM,avfx_ie2,125
idm,IDM,avfx_ie3,178
idm,IDM,avfx_ie4,114
idm,IDM,avfx_ie5,103
idm,IDM,avfx_ie6,98
idm,IDM,brds_artconfab_broadcast,6
idm,IDM,common_leadnurturing1,9441
idm,IDM,common_leadnurturing2,30
idm,IDM,common_leadnurturing3,24
idm,IDM,common_leadnurturing4,15
idm,IDM,common_leadnurturing5,6
idm,IDM,common_leadnurturing6,4
idm,IDM,idm_app_notinterested,105
idm,IDM,idm_appincomp_1,85
idm,IDM,idm_appincomp_2,75
idm,IDM,idm_appincomp_3,69
idm,IDM,idm_appincomp_4,65
idm,IDM,idm_appincomp_5,9
idm,IDM,idm_appini_1,546
idm,IDM,idm_appini_2,530
idm,IDM,idm_appini_3,505
idm,IDM,idm_appini_4,494
idm,IDM,idm_appini_5,28
idm,IDM,idm_srfreminder_1,1087
idm,IDM,idm_srfreminder_2,1110
idm,IDM,ie_message1,784
idm,IDM,ie_message10,1859
idm,IDM,ie_message11,3291
idm,IDM,ie_message2,1249
idm,IDM,ie_message3,414
idm,IDM,ie_message4,853
idm,IDM,ie_message5,1198
idm,IDM,ie_message6,875
idm,IDM,ie_message7,2352
idm,IDM,ie_message9,1962
idm,IDM,meta_fd_ie1,8
idm,IDM,meta_fd_nc1,158
idm,IDM,meta_fd_nc2,112
idm,IDM,meta_fd_nc3,70
idm,IDM,meta_fd_nc4,10
idm,IDM,meta_fdni1,110
idm,IDM,meta_fdun1,623
idm,IDM,meta_fdun2,465
idm,IDM,meta_fdun3,408
idm,IDM,meta_fdun4,355
idm,IDM,meta_fdun5,282
idm,IDM,meta_id_fuc1,74
idm,IDM,meta_id_fuc2,73
idm,IDM,meta_id_fuc3,71
idm,IDM,meta_id_nc1,192
idm,IDM,meta_id_nc2,97
idm,IDM,meta_id_nc3,127
idm,IDM,meta_id_nc4,87
idm,IDM,meta_id_ne1,11
idm,IDM,meta_id_un1,648
idm,IDM,meta_id_un2,420
idm,IDM,meta_id_un3,359
idm,IDM,meta_id_un4,315
idm,IDM,meta_id_un5,240
idm,IDM,meta_nc1,153
idm,IDM,meta_nc1_po,31
idm,IDM,meta_nc2,130
idm,IDM,meta_nc2_am,31
idm,IDM,meta_nc3,135
idm,IDM,meta_nc4,94
idm,IDM,meta_nc4_4a,20
idm,IDM,meta_ne2,11
idm,IDM,meta_ni1,107
idm,IDM,meta_un01,353
idm,IDM,meta_un02,310
idm,IDM,meta_un03,269
idm,IDM,meta_un04,255
idm,IDM,meta_un05,262
idm,IDM,meta_un1,357
idm,IDM,meta_un2,280
idm,IDM,meta_un3,228
idm,IDM,meta_un4,221
idm,IDM,meta_un5,197
idm,IDM,meta_ux_ni1,46
idm,IDM,metaux_un02,159
idm,IDM,metaux_un03,126
idm,IDM,metaux_un04,113
idm,IDM,metaux_un05,92
idm,IDM,not_eligible1,709
idm,IDM,not_interested1,9
idm,IDM,not_interested2,6
idm,IDM,org_fd_ie1,219
idm,IDM,org_fd_ie2,205
idm,IDM,org_fd_ie3,200
idm,IDM,org_fd_ie4,188
idm,IDM,org_fd_ie5,265
idm,IDM,org_fdnc_01,84
idm,IDM,org_fdnc_02,78
idm,IDM,org_fdnc_03,69
idm,IDM,org_fdnc_04,57
idm,IDM,org_id_ie1,135
idm,IDM,org_nefd_1,8
idm,IDM,org_nifd_1,57
idm,IDM,organic_nc1,71
idm,IDM,organic_nc1_rr,54
idm,IDM,organic_nc2,56
idm,IDM,organic_nc2_nb,53
idm,IDM,organic_nc3,53
idm,IDM,organic_nc3_fa,51
idm,IDM,organic_nc4,50
idm,IDM,organic_nc4_2v,49
idm,IDM,organic_ne1,61
idm,IDM,organic_ni1,58
idm,IDM,organic_un01,56
idm,IDM,organic_un02,61
idm,IDM,organic_un03,52
idm,IDM,organic_un05,48
idm,IDM,organic_un1,59
idm,IDM,organic_un2,54
idm,IDM,organic_un3,46
idm,IDM,organic_un4,36
idm,IDM,organics_ni1,57
idm,IDM,orgfd_un1,63
idm,IDM,orgfd_un2,44
idm,IDM,orgfd_un3,41
idm,IDM,orgfd_un4,33
idm,IDM,orgux_un02,57
idm,IDM,orgux_un03,49
idm,IDM,orgux_un04,49
idm,IDM,orgux_un05,51
idm,IDM,publisher_nc1,13360
idm,IDM,publisher_nc2,9774
idm,IDM,publisher_nc3,7560
idm,IDM,publisher_nc4,6854
idm,IDM,publisher_ne3,93
idm,IDM,publisher_ni1,2105
idm,IDM,publishers_un01,11478
idm,IDM,publishers_un2,9455
idm,IDM,publishers_un3,7661
idm,IDM,publishers_un4,5922
idm,IDM,publishers_un5,449
idm,IDM,silica_artconfab_broadcast,578
idm,IDM,ux_ie1,89
idm,IDM,ux_ie2,87
idm,IDM,ux_ie5,68
idm,IDM,ux_ie6,6
idm,IDM,ux_meta_nc1,68
idm,IDM,ux_meta_nc2,58
idm,IDM,ux_meta_nc3,50
idm,IDM,ux_meta_nc4,35
idm,IDM,ux_ne1,59
idm,IDM,ux_ni1,59
idm,IDM,ux_organic_nc1,56
idm,IDM,ux_organic_nc2,54
idm,IDM,ux_organic_nc3,53
idm,IDM,ux_organic_nc4,50
idm,IDM,vc_ie1,78
idm,IDM,vc_ie2,60
idm,IDM,vc_ie4,60
idm,IDM,vc_ie5,55
ihm,IHM,common_leadnurturing01,1158
ihm,IHM,common_leadnurturing2,1399
ihm,IHM,common_leadnurturing3,904
ihm,IHM,common_leadnurturing4,3970
ihm,IHM,common_leadnurturing5,3791
ihm,IHM,common_leadnurturing6,1726
ihm,IHM,common_leadnurturing7,2353
ihm,IHM,not_eligible_message01,77
ihm,IHM,not_interested_message1,516
ihm,IHM,retention_1,4673
mba,MBA,abhijit_sarkar,3
mba,MBA,agent_broadcast,545
mba,MBA,agent_message1,422
mba,MBA,agent_message12,495
mba,MBA,agent_message13,487
mba,MBA,agent_message14,486
mba,MBA,agent_message18,498
mba,MBA,agent_message7,408
mba,MBA,agents_msg_1,2
mba,MBA,appint_msg1,1333
mba,MBA,appint_msg2,944
mba,MBA,appint_msg3,1886
mba,MBA,appint_msg4,194
mba,MBA,appint_msg5,166
mba,MBA,appint_msg6,167
mba,MBA,application_form_test,4
mba,MBA,applicationformtest,9795
mba,MBA,appsubmitted_not_interested1,688
mba,MBA,broadcast_msg_1,90
mba,MBA,btl_followup1,509
mba,MBA,btl_followup2,436
mba,MBA,btl_followup3,499
mba,MBA,btl_nc1,527
mba,MBA,btl_nc2,514
mba,MBA,btl_nc3,486
mba,MBA,btl_notelig1,27
mba,MBA,btl_notint1,234
mba,MBA,btl_un1,10
mba,MBA,btl_un2,8
mba,MBA,btl_un3,8
mba,MBA,btl_un4,5
mba,MBA,btl_un5,9
mba,MBA,business_analytics_1,1332
mba,MBA,business_reten_2,804
mba,MBA,cat_jaipur,6
mba,MBA,cl_amritsar,2
mba,MBA,cl_amritsar_20,4
mba,MBA,cl_bhubaneshwar,3
mba,MBA,cl_bhubaneshwar_20,5
mba,MBA,cl_faridabad,5
mba,MBA,cl_faridabad_u3,5
mba,MBA,cl_gurgaon,46
mba,MBA,cl_gurgaon_20,130
mba,MBA,cl_jamshedpur,10
mba,MBA,cl_jamshedpur_20,8
mba,MBA,cl_kolkata,3
mba,MBA,cl_kolkata_20,2
mba,MBA,cl_ranchi,6
mba,MBA,cl_ranchi_20,8
mba,MBA,copy_of_copy_of_micro_1,22
mba,MBA,copy_of_final_rem_1,4
mba,MBA,copy_of_mba_open_1,15
mba,MBA,copy_of_micro_1,26
mba,MBA,copy_of_retention_final,3
mba,MBA,director_ret_3,3707
mba,MBA,directors_ret_1,817
mba,MBA,directors_ret_2,3864
mba,MBA,final_rem_1_y7,810
mba,MBA,final_rem_2,784
mba,MBA,final_rem_3,755
mba,MBA,final_rem1,21
mba,MBA,final_reminder_2,19
mba,MBA,futurecareer_webinar,1870
mba,MBA,futurecareer_workshoprem,1511
mba,MBA,googleassigned,6342
mba,MBA,ie_msg03,1264
mba,MBA,ie_msg04,1083
mba,MBA,ie_msg1,3941
mba,MBA,ie_msg2,4191
mba,MBA,ie_msg5,1044
mba,MBA,ie_msg6,1023
mba,MBA,ims_delhi,2
mba,MBA,ims_jamshedpur,7
mba,MBA,ims_patna,2
mba,MBA,incomingcalls_un1,30
mba,MBA,incomingcalls_un2,3
mba,MBA,joincommunity,2078
mba,MBA,lead_mba_01,106
mba,MBA,lead_mba_02,171
mba,MBA,lead_mba_03,125
mba,MBA,lead_mba_04,184
mba,MBA,lead_mba_05,257
mba,MBA,lead_mba_06,436
mba,MBA,lead_mba_07,655
mba,MBA,lead_mba_10,788
mba,MBA,lead_mba_11,967
mba,MBA,lead_mba_12,11333
mba,MBA,lead_mba_13,11424
mba,MBA,lead_mba_14,17456
mba,MBA,lead_mba_15,9836
mba,MBA,leadtoappworkshop_1,101
mba,MBA,mba_btl_1,10241
mba,MBA,mba_career360_1,13883
mba,MBA,mba_collegedunia_1,30118
mba,MBA,mba_followup_1,661
mba,MBA,mba_kollegeapply_1,6552
mba,MBA,mba_notconnected_1,13780
mba,MBA,mba_organic_1,3235
mba,MBA,mba_performance_1,8012
mba,MBA,mba_retention_1,851
mba,MBA,mba_retention_2,839
mba,MBA,mba_siksha_1,13069
mba,MBA,mbalnf_001,6029
mba,MBA,mbalnf_002,51584
mba,MBA,mbalnf_01,2537
mba,MBA,mbalnf_010,28970
mba,MBA,mbalnf_011,1210
mba,MBA,mbalnf_05,3955
mba,MBA,mbalnf_09,4838
mba,MBA,meta_followup1,541
mba,MBA,meta_followup2,562
mba,MBA,meta_followup3,587
mba,MBA,meta_msg_1,3
mba,MBA,meta_nc1,3071
mba,MBA,meta_nc2,2955
mba,MBA,meta_nc3,2129
mba,MBA,meta_notelig1,842
mba,MBA,meta_notint1,287
mba,MBA,meta_un1,622
mba,MBA,meta_un2,35
mba,MBA,meta_un3,10
mba,MBA,meta_un4,9
mba,MBA,meta_un5,309
mba,MBA,mhcet_broadcast_2,16948
mba,MBA,micro_1,27
mba,MBA,new_applynow_mba1,1454
mba,MBA,new_applynow_mba2,6143
mba,MBA,new_applynow_mba3,5779
mba,MBA,new_applynow_mba4,5052
mba,MBA,new_applynow_mba5,4590
mba,MBA,new_applynow_mba6,1543
mba,MBA,new_applynow_mba7,2246
mba,MBA,new_mbalnf_005,86235
mba,MBA,new_mbalnf_008,2887
mba,MBA,new_mbalnf_01,8908
mba,MBA,new_mbalnf_015,302
mba,MBA,new_mbalnf_02,1103
mba,MBA,new_mbalnf_03,6499
mba,MBA,new_mbalnf_04,4222
mba,MBA,new_mbalnf_05,7906
mba,MBA,new_mbalnf_06,3594
mba,MBA,new_mbalnf_07,2920
mba,MBA,new_mbalnf_08,10943
mba,MBA,new_mbalnf_09,2715
mba,MBA,new_mbalnf_10,2480
mba,MBA,new_mbalnf_11,2195
mba,MBA,new_mbalnf_12,3206
mba,MBA,new_mbalnf_13,1184
mba,MBA,new_mbalnf_14,1143
mba,MBA,new_mbalnf_16,18772
mba,MBA,organic_followup1,3545
mba,MBA,organic_followup2,2625
mba,MBA,organic_nc1,1558
mba,MBA,organic_nc2,1507
mba,MBA,organic_nc3,1287
mba,MBA,organic_notelig1,246
mba,MBA,organic_notint1,6815
mba,MBA,organic_un1,208
mba,MBA,organic_un2,10
mba,MBA,organic_un3,11
mba,MBA,organic_un4,6
mba,MBA,organic_un5,2
mba,MBA,pub_msg_4,1
mba,MBA,publisher_followup1,593
mba,MBA,publisher_followup2,450
mba,MBA,publisher_nc1,13667
mba,MBA,publisher_nc2,12577
mba,MBA,publisher_nc3,11013
mba,MBA,publisher_notelig1,442
mba,MBA,publisher_un1,15512
mba,MBA,publisher_un2,4843
mba,MBA,publisher_un3,2484
mba,MBA,publisher_un4,2181
mba,MBA,publisher_un5,2016
mba,MBA,referral_followup1,50
mba,MBA,referral_followup2,46
mba,MBA,referral_followup3,6
mba,MBA,referral_msg_4,1
mba,MBA,referral_nc1,273
mba,MBA,referral_nc2,248
mba,MBA,referral_nc3,45
mba,MBA,referral_notelig1,54
mba,MBA,referral_notint1,174
mba,MBA,referral_un1,119
mba,MBA,referral_un2,6
mba,MBA,referral_un3,8
mba,MBA,referral_un4,7
mba,MBA,referral_un5,4
mba,MBA,rem_14_1,1846
mba,MBA,rem_14_2,1705
mba,MBA,rem_14_3,1009
mba,MBA,rem_2,3073
mba,MBA,reminder_workshop_1,106
mba,MBA,retention_1,2858
mba,MBA,retention_11_msg2,1003
mba,MBA,retention_google_webinar_reminder,1006
mba,MBA,satsession_1,1555
mba,MBA,sneha_pagal_1,1964
mba,MBA,specialization_mba_,4
mba,MBA,srf_rem_1,10
mba,MBA,srf_reminder1,964
mba,MBA,srf_reminder2,977
mba,MBA,srf_utility_1,4
mba,MBA,studentfeedback,1134
mba,MBA,substage_followup1,228
mba,MBA,substage_followup2,869
mba,MBA,substage_followup3,761
mba,MBA,substage_followup4,694
mba,MBA,substage_followup5,578
mba,MBA,substage_interested,1014
mba,MBA,substage_nc1,5115
mba,MBA,substage_nc2,17571
mba,MBA,substage_nc3,16049
mba,MBA,substage_nc4,14493
mba,MBA,substage_nc5,13404
mba,MBA,substage_nc6,9879
mba,MBA,substage_nc7,8155
mba,MBA,substage_not_eligible,827
mba,MBA,substage_not_interested,8884
mba,MBA,template_01,355
mba,MBA,template_02,635
mba,MBA,template_1,1
mba,MBA,time_patna,4
mba,MBA,today_rem_1,1583
mba,MBA,today_rem_2,991
mba,MBA,today_rem_2_dvd,2291
mba,MBA,today_rem_3,428
mba,MBA,todays_final_rem3,1188
mba,MBA,todays_rem_1,963
mba,MBA,vibha_bilthare,3
mba,MBA,viral_mba_test,23
mba,MBA,walkin_followup2,20
mba,MBA,walkin_followup3,20
mba,MBA,walkin_nc1,27
mba,MBA,walkin_nc2,23
mba,MBA,walkin_nc3,2
mba,MBA,walkin_notelig1,2
mba,MBA,walkin_notint1,14
mba,MBA,walkin_un1,26
mba,MBA,walkin_un2,2
mba,MBA,whatsapp_mba_01,79
mba,MBA,whatsapp_mba_8,734
mba,MBA,whatsapp_mba_9,661
mba,MBA,workshop_1,29
mba,MBA,workshop_rem_2,8681
mba,MBA,workshop_rem3,2919
mba_ai,MBA AI,mba_ai_commonmsg18,41